LocationID,lat,lon
1,40.6413,-73.7781
2,40.6413,-73.7781
3,40.6413,-73.7781
4,40.580000000000005,-74.13000000000001
5,40.754999999999995,-73.975
6,40.636,-73.944
7,40.749,-73.80799999999999
8,40.868,-73.9
9,40.605000000000004,-74.135
10,40.79,-73.985
11,40.666000000000004,-73.974
12,40.784000000000006,-73.85
13,40.898,-73.87
14,40.580000000000005,-74.14
15,40.72,-73.995
16,40.696,-73.944
17,40.819,-73.82
18,40.838,-73.888
19,40.605000000000004,-74.14500000000001
20,40.754999999999995,-73.97
21,40.606,-73.974
22,40.714000000000006,-73.78999999999999
23,40.868,-73.858
24,40.580000000000005,-74.15
25,40.79,-73.98
26,40.636,-73.944
27,40.749,-73.832
28,40.898,-73.876
29,40.605000000000004,-74.125
30,40.72,-73.99
31,40.666000000000004,-73.974
32,40.784000000000006,-73.80199999999999
33,40.838,-73.894
34,40.580000000000005,-74.13000000000001
35,40.754999999999995,-74.0
36,40.696,-73.944
37,40.819,-73.844
38,40.868,-73.864
39,40.605000000000004,-74.135
40,40.79,-73.975
41,40.606,-73.974
42,40.714000000000006,-73.814
43,40.898,-73.882
44,40.580000000000005,-74.14
45,40.72,-73.985
46,40.636,-73.944
47,40.749,-73.78399999999999
48,40.838,-73.9
49,40.605000000000004,-74.14500000000001
50,40.754999999999995,-73.995
51,40.666000000000004,-73.974
52,40.784000000000006,-73.826
53,40.868,-73.87
54,40.580000000000005,-74.15
55,40.79,-73.97
56,40.696,-73.944
57,40.819,-73.79599999999999
58,40.898,-73.888
59,40.605000000000004,-74.125
60,40.72,-73.98
61,40.606,-73.974
62,40.714000000000006,-73.838
63,40.838,-73.858
64,40.580000000000005,-74.13000000000001
65,40.754999999999995,-73.99
66,40.636,-73.944
67,40.749,-73.80799999999999
68,40.868,-73.876
69,40.605000000000004,-74.135
70,40.79,-74.0
71,40.666000000000004,-73.974
72,40.784000000000006,-73.85
73,40.898,-73.894
74,40.580000000000005,-74.14
75,40.72,-73.975
76,40.696,-73.944
77,40.819,-73.82
78,40.838,-73.864
79,40.605000000000004,-74.14500000000001
80,40.754999999999995,-73.985
81,40.606,-73.974
82,40.714000000000006,-73.78999999999999
83,40.868,-73.882
84,40.580000000000005,-74.15
85,40.79,-73.995
86,40.636,-73.944
87,40.749,-73.832
88,40.898,-73.9
89,40.605000000000004,-74.125
90,40.72,-73.97
91,40.666000000000004,-73.974
92,40.784000000000006,-73.80199999999999
93,40.838,-73.87
94,40.580000000000005,-74.13000000000001
95,40.754999999999995,-73.98
96,40.696,-73.944
97,40.819,-73.844
98,40.868,-73.888
99,40.605000000000004,-74.135
100,40.79,-73.99
101,40.606,-73.974
102,40.714000000000006,-73.814
103,40.898,-73.858
104,40.580000000000005,-74.14
105,40.72,-74.0
106,40.636,-73.944
107,40.749,-73.78399999999999
108,40.838,-73.876
109,40.605000000000004,-74.14500000000001
110,40.754999999999995,-73.975
111,40.666000000000004,-73.974
112,40.784000000000006,-73.826
113,40.868,-73.894
114,40.580000000000005,-74.15
115,40.79,-73.985
116,40.696,-73.944
117,40.819,-73.79599999999999
118,40.898,-73.864
119,40.605000000000004,-74.125
120,40.72,-73.995
121,40.606,-73.974
122,40.714000000000006,-73.838
123,40.838,-73.882
124,40.580000000000005,-74.13000000000001
125,40.754999999999995,-73.97
126,40.636,-73.944
127,40.749,-73.80799999999999
128,40.868,-73.9
129,40.605000000000004,-74.135
130,40.79,-73.98
131,40.666000000000004,-73.974
132,40.7769,-73.874
133,40.898,-73.87
134,40.580000000000005,-74.14
135,40.72,-73.99
136,40.696,-73.944
137,40.819,-73.82
138,40.7769,-73.874
139,40.605000000000004,-74.14500000000001
140,40.754999999999995,-74.0
141,40.606,-73.974
142,40.714000000000006,-73.78999999999999
143,40.868,-73.858
144,40.580000000000005,-74.15
145,40.79,-73.975
146,40.636,-73.944
147,40.749,-73.832
148,40.898,-73.876
149,40.605000000000004,-74.125
150,40.72,-73.985
151,40.666000000000004,-73.974
152,40.784000000000006,-73.80199999999999
153,40.838,-73.894
154,40.580000000000005,-74.13000000000001
155,40.754999999999995,-73.995
156,40.696,-73.944
157,40.819,-73.844
158,40.868,-73.864
159,40.605000000000004,-74.135
160,40.79,-73.97
161,40.606,-73.974
162,40.714000000000006,-73.814
163,40.898,-73.882
164,40.580000000000005,-74.14
165,40.72,-73.98
166,40.636,-73.944
167,40.749,-73.78399999999999
168,40.838,-73.9
169,40.605000000000004,-74.14500000000001
170,40.754999999999995,-73.99
171,40.666000000000004,-73.974
172,40.784000000000006,-73.826
173,40.868,-73.87
174,40.580000000000005,-74.15
175,40.79,-74.0
176,40.696,-73.944
177,40.819,-73.79599999999999
178,40.898,-73.888
179,40.605000000000004,-74.125
180,40.72,-73.975
181,40.606,-73.974
182,40.714000000000006,-73.838
183,40.838,-73.858
184,40.580000000000005,-74.13000000000001
185,40.754999999999995,-73.985
186,40.636,-73.944
187,40.749,-73.80799999999999
188,40.868,-73.876
189,40.605000000000004,-74.135
190,40.79,-73.995
191,40.666000000000004,-73.974
192,40.784000000000006,-73.85
193,40.898,-73.894
194,40.580000000000005,-74.14
195,40.72,-73.97
196,40.696,-73.944
197,40.819,-73.82
198,40.838,-73.864
199,40.605000000000004,-74.14500000000001
200,40.754999999999995,-73.98
201,40.606,-73.974
202,40.714000000000006,-73.78999999999999
203,40.868,-73.882
204,40.580000000000005,-74.15
205,40.79,-73.99
206,40.636,-73.944
207,40.749,-73.832
208,40.898,-73.9
209,40.605000000000004,-74.125
210,40.72,-74.0
211,40.666000000000004,-73.974
212,40.784000000000006,-73.80199999999999
213,40.838,-73.87
214,40.580000000000005,-74.13000000000001
215,40.754999999999995,-73.975
216,40.696,-73.944
217,40.819,-73.844
218,40.868,-73.888
219,40.605000000000004,-74.135
220,40.79,-73.985
221,40.606,-73.974
222,40.714000000000006,-73.814
223,40.898,-73.858
224,40.580000000000005,-74.14
225,40.72,-73.995
226,40.636,-73.944
227,40.749,-73.78399999999999
228,40.838,-73.876
229,40.605000000000004,-74.14500000000001
230,40.754999999999995,-73.97
231,40.666000000000004,-73.974
232,40.784000000000006,-73.826
233,40.868,-73.894
234,40.580000000000005,-74.15
235,40.79,-73.98
236,40.696,-73.944
237,40.819,-73.79599999999999
238,40.898,-73.864
239,40.605000000000004,-74.125
240,40.72,-73.99
241,40.606,-73.974
242,40.714000000000006,-73.838
243,40.838,-73.882
244,40.580000000000005,-74.13000000000001
245,40.754999999999995,-74.0
246,40.636,-73.944
247,40.749,-73.80799999999999
248,40.868,-73.9
249,40.605000000000004,-74.135
250,40.79,-73.975
251,40.666000000000004,-73.974
252,40.784000000000006,-73.85
253,40.898,-73.87
254,40.580000000000005,-74.14
255,40.72,-73.985
256,40.696,-73.944
257,40.819,-73.82
258,40.838,-73.888
259,40.605000000000004,-74.14500000000001
260,40.754999999999995,-73.995
261,40.606,-73.974
262,40.714000000000006,-73.78999999999999
263,40.868,-73.858
